{
	"letter": "A",
	"touch_angles": {
		"0": 0.900685757364244,
		"1": 0.753034516432665,
		"2": 1.48829667025789
	},
	"touch_distances": {
		"0": 578.034912109375,
		"1": 457.033599853516,
		"2": 396.788177490234
	}
}